card,supertype,stage,decks,share,total_copies,mean_copies_when_present
professor oak,trainer,-,24,1.0,81,3.375
computer search,trainer,-,23,0.9583333333333334,65,2.8260869565217392
gust of wind,trainer,-,23,0.9583333333333334,61,2.652173913043478
double colorless energy,energy,-,23,0.9583333333333334,79,3.4347826086956523
scyther,pokemon,Basic,20,0.8333333333333334,67,3.35
pluspower,trainer,-,19,0.7916666666666666,66,3.473684210526316
item finder,trainer,-,18,0.75,51,2.8333333333333335
bill,trainer,-,17,0.7083333333333334,60,3.5294117647058822
super energy removal,trainer,-,17,0.7083333333333334,47,2.764705882352941
energy removal,trainer,-,17,0.7083333333333334,50,2.9411764705882355
scoop up,trainer,-,16,0.6666666666666666,42,2.625
hitmonchan,pokemon,Basic,15,0.625,47,3.1333333333333333
fighting energy,energy,Basic,15,0.625,121,8.066666666666666
rocket's sneak attack,trainer,-,13,0.5416666666666666,37,2.8461538461538463
ditto,pokemon,Basic,11,0.4583333333333333,22,2.0
energy retrieval,trainer,-,11,0.4583333333333333,22,2.0
wigglytuff,pokemon,Stage 1,10,0.4166666666666667,33,3.3
jigglypuff,pokemon,Basic,10,0.4166666666666667,37,3.7
electabuzz,pokemon,Basic,10,0.4166666666666667,31,3.1
lightning energy,energy,Basic,10,0.4166666666666667,71,7.1
nightly garbage run,trainer,-,9,0.375,19,2.111111111111111
lass,trainer,-,9,0.375,17,1.8888888888888888
psychic energy,energy,Basic,9,0.375,73,8.11111111111111
mewtwo (promo),pokemon,Basic,8,0.3333333333333333,27,3.375
switch,trainer,-,8,0.3333333333333333,15,1.875
magmar,pokemon,Basic,6,0.25,19,3.1666666666666665
fire energy,energy,Basic,6,0.25,46,7.666666666666667
chansey,pokemon,Basic,6,0.25,11,1.8333333333333333
rainbow energy,energy,-,3,0.125,8,2.6666666666666665
full heal energy,energy,-,3,0.125,10,3.3333333333333335
lickitung,pokemon,Basic,2,0.08333333333333333,4,2.0
mr. mime,pokemon,Basic,2,0.08333333333333333,5,2.5
goop gas attack,trainer,-,2,0.08333333333333333,3,1.5
grass energy,energy,Basic,2,0.08333333333333333,7,3.5
energy search,trainer,-,2,0.08333333333333333,5,2.5
articuno,pokemon,Basic,2,0.08333333333333333,7,3.5
water energy,energy,Basic,2,0.08333333333333333,32,16.0
mew,pokemon,Basic,1,0.041666666666666664,1,1.0
farfetch'd,pokemon,Basic,1,0.041666666666666664,1,1.0
imposter oak's revenge,trainer,-,1,0.041666666666666664,1,1.0
challenge,trainer,-,1,0.041666666666666664,2,2.0
gastly,pokemon,Basic,1,0.041666666666666664,2,2.0
blastoise,pokemon,Stage 2,1,0.041666666666666664,3,3.0
squirtle,pokemon,Basic,1,0.041666666666666664,4,4.0
lapras,pokemon,Basic,1,0.041666666666666664,3,3.0
pokemon breeder,trainer,-,1,0.041666666666666664,3,3.0
pokemon trader,trainer,-,1,0.041666666666666664,2,2.0
defender,trainer,-,1,0.041666666666666664,2,2.0
potion,trainer,-,1,0.041666666666666664,3,3.0
pokemon center,trainer,-,1,0.041666666666666664,2,2.0
super potion,trainer,-,1,0.041666666666666664,2,2.0
here comes team rocket,trainer,-,1,0.041666666666666664,1,1.0
gambler,trainer,-,1,0.041666666666666664,1,1.0
clefable,pokemon,Stage 1,1,0.041666666666666664,3,3.0
clefairy,pokemon,Basic,1,0.041666666666666664,4,4.0
machop,pokemon,Basic,1,0.041666666666666664,2,2.0
