event,division,place,player,label,url,total,pokemon,trainers,energy,evolution_cards,evolution_names,signature,top_pokemon,pokemon_lines,unresolved
2000-super-trainer-showdown-california,15+,1,Andrew Marshall,Haymaker,https://pokemontcgarchive.wordpress.com/andrew-marshall-haymaker/,60,13,30,17,0,,ditto / hitmonchan / lickitung / mewtwo (promo) / scyther,hitmonchan / mewtwo (promo),"hitmonchan 3, mewtwo (promo) 3, ditto 2, lickitung 2, scyther 2, mew 1",
2000-super-trainer-showdown-california,15+,2,William Lieu,Wigglytuff,https://pokemontcgarchive.wordpress.com/william-lieu-wigglytuff/,60,16,28,16,4,wigglytuff,hitmonchan / jigglypuff / scyther / wigglytuff,hitmonchan / jigglypuff,"hitmonchan 4, jigglypuff 4, scyther 4, wigglytuff 4",
2000-super-trainer-showdown-california,15+,3,Chris Neathery,Haymaker,https://pokemontcgarchive.wordpress.com/chris-neathery-haymaker/,60,12,32,16,0,,hitmonchan / lickitung / magmar / scyther,hitmonchan / magmar,"hitmonchan 4, magmar 3, scyther 3, lickitung 2",
2000-super-trainer-showdown-california,15+,4,Alvin Osborn,Haymaker,https://pokemontcgarchive.wordpress.com/alvin-osborn-haymaker/,60,13,29,18,0,,ditto / electabuzz / hitmonchan / scyther,electabuzz / hitmonchan,"electabuzz 3, hitmonchan 3, scyther 3, ditto 2, chansey 1, farfetch'd 1",
2000-super-trainer-showdown-california,15+,5,Marcus Abreu,Wigglytuff,https://pokemontcgarchive.wordpress.com/marcus-abreu-wigglytuff/,60,15,26,19,3,wigglytuff,hitmonchan / jigglypuff / mewtwo (promo) / mr. mime / wigglytuff,jigglypuff / hitmonchan,"jigglypuff 4, hitmonchan 3, mewtwo (promo) 3, wigglytuff 3, mr. mime 2",
2000-super-trainer-showdown-california,15+,6,Darren Guiao,Hitmonchan / Magmar,https://pokemontcgarchive.wordpress.com/darren-guiao-magmar-hitmonchan/,60,12,28,20,0,,chansey / ditto / hitmonchan / magmar,magmar / chansey,"magmar 4, chansey 3, hitmonchan 3, ditto 2",
2000-super-trainer-showdown-california,15+,7,Jarod Stein,Wigglytuff,https://pokemontcgarchive.wordpress.com/jarod-stein-wigglytuff/,60,12,33,15,2,wigglytuff,gastly / hitmonchan / jigglypuff / mewtwo (promo) / wigglytuff,jigglypuff / mewtwo (promo),"jigglypuff 3, mewtwo (promo) 3, gastly 2, hitmonchan 2, wigglytuff 2",
2000-super-trainer-showdown-california,15+,8,Jay Yu,Wigglytuff,https://pokemontcgarchive.wordpress.com/jay-yu-wigglytuff/,60,16,27,17,4,wigglytuff,electabuzz / jigglypuff / scyther / wigglytuff,electabuzz / jigglypuff,"electabuzz 4, jigglypuff 4, scyther 4, wigglytuff 4",
2000-super-trainer-showdown-california,11-14,1,Jack Savage,Sponge,https://pokemontcgarchive.wordpress.com/jack-savage-sponge/,60,14,30,16,0,,chansey / ditto / electabuzz / mewtwo (promo) / scyther,scyther / electabuzz,"scyther 4, electabuzz 3, mewtwo (promo) 3, chansey 2, ditto 2",
2000-super-trainer-showdown-california,11-14,2,Kody Barret,Wigglytuff,https://pokemontcgarchive.wordpress.com/kody-barret-wigglytuff/,60,16,30,14,4,wigglytuff,chansey / ditto / jigglypuff / scyther / wigglytuff,jigglypuff / scyther,"jigglypuff 4, scyther 4, wigglytuff 4, chansey 2, ditto 2",
2000-super-trainer-showdown-california,11-14,3,Daniel Nino,Haymaker,https://pokemontcgarchive.wordpress.com/daniel-nino-haymaker/,60,11,31,18,0,,ditto / electabuzz / hitmonchan / scyther,electabuzz / hitmonchan,"electabuzz 3, hitmonchan 3, scyther 3, ditto 2",
2000-super-trainer-showdown-california,11-14,4,Zach Froelich,Wigglytuff,https://pokemontcgarchive.wordpress.com/zach-froelich-wigglytuff/,60,15,30,15,3,wigglytuff,ditto / electabuzz / jigglypuff / scyther / wigglytuff,jigglypuff / ditto,"jigglypuff 4, ditto 3, electabuzz 3, wigglytuff 3, scyther 2",
2000-super-trainer-showdown-california,11-14,5,Derek Bowling,Haymaker,https://pokemontcgarchive.wordpress.com/derek-bowling-haymaker/,60,10,34,16,0,,electabuzz / hitmonchan / scyther,scyther / electabuzz,"scyther 4, electabuzz 3, hitmonchan 3",
2000-super-trainer-showdown-california,11-14,6,Ben Ferguson,Wigglytuff,https://pokemontcgarchive.wordpress.com/ben-ferguson-wigglytuff/,60,16,28,16,4,wigglytuff,jigglypuff / mewtwo (promo) / scyther / wigglytuff,jigglypuff / mewtwo (promo),"jigglypuff 4, mewtwo (promo) 4, scyther 4, wigglytuff 4",
2000-super-trainer-showdown-california,11-14,7,John Pratt,Wigglytuff,https://pokemontcgarchive.wordpress.com/john-pratt-wigglytuff/,60,17,18,25,3,wigglytuff,hitmonchan / jigglypuff / magmar / scyther / wigglytuff,magmar / hitmonchan,"magmar 4, hitmonchan 3, jigglypuff 3, scyther 3, wigglytuff 3, ditto 1",
2000-super-trainer-showdown-california,11-14,8,Matt Townend,Wigglytuff,https://pokemontcgarchive.wordpress.com/matt-townend-wiggltuff/,60,16,28,16,4,wigglytuff,jigglypuff / mewtwo (promo) / scyther / wigglytuff,jigglypuff / mewtwo (promo),"jigglypuff 4, mewtwo (promo) 4, scyther 4, wigglytuff 4",
2000-super-trainer-showdown-california,10 and under,1,Joseph Viray,Rain Dance,https://pokemontcgarchive.wordpress.com/joseph-viray-rain-dance/,60,14,27,19,3,blastoise,articuno / blastoise / lapras / squirtle,articuno / squirtle,"articuno 4, squirtle 4, blastoise 3, lapras 3",
2000-super-trainer-showdown-california,10 and under,2,Dean Bartlett,Sponge,https://pokemontcgarchive.wordpress.com/dean-bartlett-haymaker/,60,12,26,22,0,,electabuzz / magmar / mewtwo (promo) / scyther,electabuzz / magmar,"electabuzz 3, magmar 3, mewtwo (promo) 3, scyther 3",
2000-super-trainer-showdown-california,10 and under,3,Brock Christianson,Haymaker,https://pokemontcgarchive.wordpress.com/brock-christianson-haymaker/,60,13,25,22,0,,chansey / hitmonchan / mewtwo (promo) / scyther,mewtwo (promo) / scyther,"mewtwo (promo) 4, scyther 4, hitmonchan 3, chansey 2",
2000-super-trainer-showdown-california,10 and under,4,Mitch Morris,Electabuzz / Mr. Mime,https://pokemontcgarchive.wordpress.com/mitch-morris-haymaker/,60,12,28,20,0,,ditto / electabuzz / magmar / mr. mime / scyther,electabuzz / mr. mime,"electabuzz 3, mr. mime 3, ditto 2, magmar 2, scyther 2",
2000-super-trainer-showdown-california,10 and under,5,Gilbert Manquez,Wigglytuff,https://pokemontcgarchive.wordpress.com/gilbert-manquez-wigglytuff/,60,16,23,21,2,wigglytuff,ditto / hitmonchan / jigglypuff / magmar / scyther / wigglytuff,hitmonchan / jigglypuff,"hitmonchan 3, jigglypuff 3, magmar 3, scyther 3, ditto 2, wigglytuff 2",
2000-super-trainer-showdown-california,10 and under,6,Chris Graham,Haymaker,https://pokemontcgarchive.wordpress.com/chris-graham-haymaker/,60,12,26,22,0,,ditto / electabuzz / hitmonchan / scyther,scyther / electabuzz,"scyther 4, electabuzz 3, hitmonchan 3, ditto 2",
2000-super-trainer-showdown-california,10 and under,7,Ken Knight,Clefable,https://pokemontcgarchive.wordpress.com/ken-knight-clefable/,60,18,19,23,3,clefable,clefable / clefairy / electabuzz / hitmonchan / scyther,clefairy / hitmonchan,"clefairy 4, hitmonchan 4, scyther 4, clefable 3, electabuzz 3",
2000-super-trainer-showdown-california,10 and under,8,Devin Diamond,Articuno / Hitmonchan / Scyther,https://pokemontcgarchive.wordpress.com/devin-diamond-articuno-hitmonchan/,60,12,24,24,0,,articuno / hitmonchan / machop / scyther,articuno / hitmonchan,"articuno 3, hitmonchan 3, scyther 3, machop 2, chansey 1",
