label,decks,share
Wigglytuff,6,0.25
Clefable / Wigglytuff,3,0.125
Clefable,2,0.08333333333333333
Rain Dance,2,0.08333333333333333
Haymaker,2,0.08333333333333333
Blaine’s Rhyhorn / Rocket’s Zapdos,1,0.041666666666666664
Aerodactyl / Haymaker,1,0.041666666666666664
Venusaur,1,0.041666666666666664
Brock’s Sandslash / Clefable / Hitmonchan,1,0.041666666666666664
Dodrio / Haymaker,1,0.041666666666666664
Rain Dance / Wigglytuff,1,0.041666666666666664
Arcanine / Haymaker,1,0.041666666666666664
Dodrio / Wigglytuff,1,0.041666666666666664
Wigglytuff / Dodrio,1,0.041666666666666664
