event,division,place,player,label,card,copies,supertype,stage,annotation
2000-super-trainer-showdown-new-jersey,15+,1,Tom Hanley,Clefable,chansey,2,pokemon,Basic,
2000-super-trainer-showdown-new-jersey,15+,1,Tom Hanley,Clefable,clefable,3,pokemon,Stage 1,
2000-super-trainer-showdown-new-jersey,15+,1,Tom Hanley,Clefable,clefairy,3,pokemon,Basic,
2000-super-trainer-showdown-new-jersey,15+,1,Tom Hanley,Clefable,computer search,3,trainer,-,
2000-super-trainer-showdown-new-jersey,15+,1,Tom Hanley,Clefable,ditto,1,pokemon,Basic,
2000-super-trainer-showdown-new-jersey,15+,1,Tom Hanley,Clefable,double colorless energy,3,energy,-,
2000-super-trainer-showdown-new-jersey,15+,1,Tom Hanley,Clefable,electabuzz,2,pokemon,Basic,
2000-super-trainer-showdown-new-jersey,15+,1,Tom Hanley,Clefable,fighting energy,11,energy,Basic,
2000-super-trainer-showdown-new-jersey,15+,1,Tom Hanley,Clefable,gust of wind,3,trainer,-,
2000-super-trainer-showdown-new-jersey,15+,1,Tom Hanley,Clefable,hitmonchan,3,pokemon,Basic,
2000-super-trainer-showdown-new-jersey,15+,1,Tom Hanley,Clefable,item finder,2,trainer,-,
2000-super-trainer-showdown-new-jersey,15+,1,Tom Hanley,Clefable,lightning energy,11,energy,Basic,
2000-super-trainer-showdown-new-jersey,15+,1,Tom Hanley,Clefable,narrow gym,1,trainer,-,
2000-super-trainer-showdown-new-jersey,15+,1,Tom Hanley,Clefable,nightly garbage run,1,trainer,-,
2000-super-trainer-showdown-new-jersey,15+,1,Tom Hanley,Clefable,professor oak,3,trainer,-,
2000-super-trainer-showdown-new-jersey,15+,1,Tom Hanley,Clefable,rocket's zapdos,3,pokemon,Basic,
2000-super-trainer-showdown-new-jersey,15+,1,Tom Hanley,Clefable,scyther,3,pokemon,Basic,
2000-super-trainer-showdown-new-jersey,15+,1,Tom Hanley,Clefable,super energy removal,2,trainer,-,
2000-super-trainer-showdown-new-jersey,15+,2,Heidi Craig,Clefable,clefable,3,pokemon,Stage 1,
2000-super-trainer-showdown-new-jersey,15+,2,Heidi Craig,Clefable,clefairy,3,pokemon,Basic,
2000-super-trainer-showdown-new-jersey,15+,2,Heidi Craig,Clefable,computer search,2,trainer,-,
2000-super-trainer-showdown-new-jersey,15+,2,Heidi Craig,Clefable,ditto,2,pokemon,Basic,
2000-super-trainer-showdown-new-jersey,15+,2,Heidi Craig,Clefable,double colorless energy,3,energy,-,
2000-super-trainer-showdown-new-jersey,15+,2,Heidi Craig,Clefable,fighting energy,11,energy,Basic,
2000-super-trainer-showdown-new-jersey,15+,2,Heidi Craig,Clefable,fire energy,11,energy,Basic,
2000-super-trainer-showdown-new-jersey,15+,2,Heidi Craig,Clefable,full heal energy,3,energy,-,
2000-super-trainer-showdown-new-jersey,15+,2,Heidi Craig,Clefable,gust of wind,2,trainer,-,
2000-super-trainer-showdown-new-jersey,15+,2,Heidi Craig,Clefable,hitmonchan,3,pokemon,Basic,
2000-super-trainer-showdown-new-jersey,15+,2,Heidi Craig,Clefable,item finder,2,trainer,-,
2000-super-trainer-showdown-new-jersey,15+,2,Heidi Craig,Clefable,magmar,3,pokemon,Basic,Fossil
2000-super-trainer-showdown-new-jersey,15+,2,Heidi Craig,Clefable,nightly garbage run,1,trainer,-,
2000-super-trainer-showdown-new-jersey,15+,2,Heidi Craig,Clefable,pokemon center,2,trainer,-,
2000-super-trainer-showdown-new-jersey,15+,2,Heidi Craig,Clefable,professor oak,3,trainer,-,
2000-super-trainer-showdown-new-jersey,15+,2,Heidi Craig,Clefable,scyther,3,pokemon,Basic,
2000-super-trainer-showdown-new-jersey,15+,2,Heidi Craig,Clefable,super energy removal,3,trainer,-,
2000-super-trainer-showdown-new-jersey,15+,3,Israel Quiroz,Clefable / Wigglytuff,bill,1,trainer,-,
2000-super-trainer-showdown-new-jersey,15+,3,Israel Quiroz,Clefable / Wigglytuff,challenge,1,trainer,-,
2000-super-trainer-showdown-new-jersey,15+,3,Israel Quiroz,Clefable / Wigglytuff,clefable,2,pokemon,Stage 1,
2000-super-trainer-showdown-new-jersey,15+,3,Israel Quiroz,Clefable / Wigglytuff,clefairy,3,pokemon,Basic,
2000-super-trainer-showdown-new-jersey,15+,3,Israel Quiroz,Clefable / Wigglytuff,computer search,3,trainer,-,
2000-super-trainer-showdown-new-jersey,15+,3,Israel Quiroz,Clefable / Wigglytuff,double colorless energy,3,energy,-,
2000-super-trainer-showdown-new-jersey,15+,3,Israel Quiroz,Clefable / Wigglytuff,electabuzz,3,pokemon,Basic,
2000-super-trainer-showdown-new-jersey,15+,3,Israel Quiroz,Clefable / Wigglytuff,energy removal,2,trainer,-,
2000-super-trainer-showdown-new-jersey,15+,3,Israel Quiroz,Clefable / Wigglytuff,gust of wind,3,trainer,-,
2000-super-trainer-showdown-new-jersey,15+,3,Israel Quiroz,Clefable / Wigglytuff,item finder,1,trainer,-,
2000-super-trainer-showdown-new-jersey,15+,3,Israel Quiroz,Clefable / Wigglytuff,jigglypuff,3,pokemon,Basic,
2000-super-trainer-showdown-new-jersey,15+,3,Israel Quiroz,Clefable / Wigglytuff,lightning energy,10,energy,Basic,
2000-super-trainer-showdown-new-jersey,15+,3,Israel Quiroz,Clefable / Wigglytuff,mewtwo (promo),2,pokemon,Basic,Movie Promo
2000-super-trainer-showdown-new-jersey,15+,3,Israel Quiroz,Clefable / Wigglytuff,mr. mime,3,pokemon,Basic,
2000-super-trainer-showdown-new-jersey,15+,3,Israel Quiroz,Clefable / Wigglytuff,nightly garbage run,1,trainer,-,
2000-super-trainer-showdown-new-jersey,15+,3,Israel Quiroz,Clefable / Wigglytuff,professor oak,3,trainer,-,
2000-super-trainer-showdown-new-jersey,15+,3,Israel Quiroz,Clefable / Wigglytuff,psychic energy,10,energy,Basic,
2000-super-trainer-showdown-new-jersey,15+,3,Israel Quiroz,Clefable / Wigglytuff,rocket's zapdos,3,pokemon,Basic,
2000-super-trainer-showdown-new-jersey,15+,3,Israel Quiroz,Clefable / Wigglytuff,wigglytuff,3,pokemon,Stage 1,
2000-super-trainer-showdown-new-jersey,15+,4,Peter Keller,Blaine’s Rhyhorn / Rocket’s Zapdos,blaine's rhyhorn,3,pokemon,Basic,
2000-super-trainer-showdown-new-jersey,15+,4,Peter Keller,Blaine’s Rhyhorn / Rocket’s Zapdos,brock's lickitung,2,pokemon,Basic,
2000-super-trainer-showdown-new-jersey,15+,4,Peter Keller,Blaine’s Rhyhorn / Rocket’s Zapdos,computer search,3,trainer,-,
2000-super-trainer-showdown-new-jersey,15+,4,Peter Keller,Blaine’s Rhyhorn / Rocket’s Zapdos,double colorless energy,3,energy,-,
2000-super-trainer-showdown-new-jersey,15+,4,Peter Keller,Blaine’s Rhyhorn / Rocket’s Zapdos,electabuzz,3,pokemon,Basic,
2000-super-trainer-showdown-new-jersey,15+,4,Peter Keller,Blaine’s Rhyhorn / Rocket’s Zapdos,energy removal,1,trainer,-,
2000-super-trainer-showdown-new-jersey,15+,4,Peter Keller,Blaine’s Rhyhorn / Rocket’s Zapdos,fighting energy,8,energy,Basic,
2000-super-trainer-showdown-new-jersey,15+,4,Peter Keller,Blaine’s Rhyhorn / Rocket’s Zapdos,full heal energy,3,energy,-,
2000-super-trainer-showdown-new-jersey,15+,4,Peter Keller,Blaine’s Rhyhorn / Rocket’s Zapdos,gust of wind,2,trainer,-,
2000-super-trainer-showdown-new-jersey,15+,4,Peter Keller,Blaine’s Rhyhorn / Rocket’s Zapdos,hitmonchan,3,pokemon,Basic,
2000-super-trainer-showdown-new-jersey,15+,4,Peter Keller,Blaine’s Rhyhorn / Rocket’s Zapdos,item finder,1,trainer,-,
2000-super-trainer-showdown-new-jersey,15+,4,Peter Keller,Blaine’s Rhyhorn / Rocket’s Zapdos,lightning energy,12,energy,Basic,
2000-super-trainer-showdown-new-jersey,15+,4,Peter Keller,Blaine’s Rhyhorn / Rocket’s Zapdos,lt. surge's electabuzz,1,pokemon,Basic,
2000-super-trainer-showdown-new-jersey,15+,4,Peter Keller,Blaine’s Rhyhorn / Rocket’s Zapdos,misty's wrath,1,trainer,-,
2000-super-trainer-showdown-new-jersey,15+,4,Peter Keller,Blaine’s Rhyhorn / Rocket’s Zapdos,narrow gym,1,trainer,-,
2000-super-trainer-showdown-new-jersey,15+,4,Peter Keller,Blaine’s Rhyhorn / Rocket’s Zapdos,potion energy,1,energy,-,
2000-super-trainer-showdown-new-jersey,15+,4,Peter Keller,Blaine’s Rhyhorn / Rocket’s Zapdos,professor oak,2,trainer,-,
2000-super-trainer-showdown-new-jersey,15+,4,Peter Keller,Blaine’s Rhyhorn / Rocket’s Zapdos,rocket's zapdos,3,pokemon,Basic,
2000-super-trainer-showdown-new-jersey,15+,4,Peter Keller,Blaine’s Rhyhorn / Rocket’s Zapdos,scoop up,1,trainer,-,
2000-super-trainer-showdown-new-jersey,15+,4,Peter Keller,Blaine’s Rhyhorn / Rocket’s Zapdos,scyther,3,pokemon,Basic,
2000-super-trainer-showdown-new-jersey,15+,4,Peter Keller,Blaine’s Rhyhorn / Rocket’s Zapdos,super energy removal,3,trainer,-,
2000-super-trainer-showdown-new-jersey,15+,5,Jason Klaczynski,Clefable / Wigglytuff,brock's rhyhorn,1,pokemon,Basic,
2000-super-trainer-showdown-new-jersey,15+,5,Jason Klaczynski,Clefable / Wigglytuff,clefable,2,pokemon,Stage 1,
2000-super-trainer-showdown-new-jersey,15+,5,Jason Klaczynski,Clefable / Wigglytuff,clefairy,3,pokemon,Basic,
2000-super-trainer-showdown-new-jersey,15+,5,Jason Klaczynski,Clefable / Wigglytuff,computer search,3,trainer,-,
2000-super-trainer-showdown-new-jersey,15+,5,Jason Klaczynski,Clefable / Wigglytuff,double colorless energy,3,energy,-,
2000-super-trainer-showdown-new-jersey,15+,5,Jason Klaczynski,Clefable / Wigglytuff,electabuzz,3,pokemon,Basic,
2000-super-trainer-showdown-new-jersey,15+,5,Jason Klaczynski,Clefable / Wigglytuff,full heal energy,2,energy,-,
2000-super-trainer-showdown-new-jersey,15+,5,Jason Klaczynski,Clefable / Wigglytuff,gust of wind,3,trainer,-,
2000-super-trainer-showdown-new-jersey,15+,5,Jason Klaczynski,Clefable / Wigglytuff,item finder,1,trainer,-,
2000-super-trainer-showdown-new-jersey,15+,5,Jason Klaczynski,Clefable / Wigglytuff,jigglypuff,3,pokemon,Basic,
2000-super-trainer-showdown-new-jersey,15+,5,Jason Klaczynski,Clefable / Wigglytuff,lightning energy,9,energy,Basic,
2000-super-trainer-showdown-new-jersey,15+,5,Jason Klaczynski,Clefable / Wigglytuff,mewtwo (promo),3,pokemon,Basic,Movie Promo
2000-super-trainer-showdown-new-jersey,15+,5,Jason Klaczynski,Clefable / Wigglytuff,mr. mime,1,pokemon,Basic,
2000-super-trainer-showdown-new-jersey,15+,5,Jason Klaczynski,Clefable / Wigglytuff,nightly garbage run,1,trainer,-,
2000-super-trainer-showdown-new-jersey,15+,5,Jason Klaczynski,Clefable / Wigglytuff,pluspower,2,trainer,-,
2000-super-trainer-showdown-new-jersey,15+,5,Jason Klaczynski,Clefable / Wigglytuff,professor oak,3,trainer,-,
2000-super-trainer-showdown-new-jersey,15+,5,Jason Klaczynski,Clefable / Wigglytuff,psychic energy,9,energy,Basic,
2000-super-trainer-showdown-new-jersey,15+,5,Jason Klaczynski,Clefable / Wigglytuff,rocket's zapdos,2,pokemon,Basic,
2000-super-trainer-showdown-new-jersey,15+,5,Jason Klaczynski,Clefable / Wigglytuff,scyther,1,pokemon,Basic,
2000-super-trainer-showdown-new-jersey,15+,5,Jason Klaczynski,Clefable / Wigglytuff,super energy removal,2,trainer,-,
2000-super-trainer-showdown-new-jersey,15+,5,Jason Klaczynski,Clefable / Wigglytuff,wigglytuff,3,pokemon,Stage 1,
2000-super-trainer-showdown-new-jersey,15+,6,Michael Delgaudio,Aerodactyl / Haymaker,aerodactyl,3,pokemon,Stage 1,
2000-super-trainer-showdown-new-jersey,15+,6,Michael Delgaudio,Aerodactyl / Haymaker,chansey,2,pokemon,Basic,
2000-super-trainer-showdown-new-jersey,15+,6,Michael Delgaudio,Aerodactyl / Haymaker,computer search,3,trainer,-,
2000-super-trainer-showdown-new-jersey,15+,6,Michael Delgaudio,Aerodactyl / Haymaker,ditto,3,pokemon,Basic,
2000-super-trainer-showdown-new-jersey,15+,6,Michael Delgaudio,Aerodactyl / Haymaker,double colorless energy,3,energy,-,
2000-super-trainer-showdown-new-jersey,15+,6,Michael Delgaudio,Aerodactyl / Haymaker,electabuzz,3,pokemon,Basic,
2000-super-trainer-showdown-new-jersey,15+,6,Michael Delgaudio,Aerodactyl / Haymaker,fighting energy,9,energy,Basic,
2000-super-trainer-showdown-new-jersey,15+,6,Michael Delgaudio,Aerodactyl / Haymaker,gust of wind,3,trainer,-,
2000-super-trainer-showdown-new-jersey,15+,6,Michael Delgaudio,Aerodactyl / Haymaker,hitmonchan,3,pokemon,Basic,
2000-super-trainer-showdown-new-jersey,15+,6,Michael Delgaudio,Aerodactyl / Haymaker,item finder,1,trainer,-,
2000-super-trainer-showdown-new-jersey,15+,6,Michael Delgaudio,Aerodactyl / Haymaker,lightning energy,13,energy,Basic,
2000-super-trainer-showdown-new-jersey,15+,6,Michael Delgaudio,Aerodactyl / Haymaker,misty's wrath,2,trainer,-,
2000-super-trainer-showdown-new-jersey,15+,6,Michael Delgaudio,Aerodactyl / Haymaker,mysterious fossil,3,trainer,-,
2000-super-trainer-showdown-new-jersey,15+,6,Michael Delgaudio,Aerodactyl / Haymaker,professor oak,3,trainer,-,
2000-super-trainer-showdown-new-jersey,15+,6,Michael Delgaudio,Aerodactyl / Haymaker,rocket's zapdos,3,pokemon,Basic,
2000-super-trainer-showdown-new-jersey,15+,6,Michael Delgaudio,Aerodactyl / Haymaker,scyther,3,pokemon,Basic,
2000-super-trainer-showdown-new-jersey,15+,7,Joshua Morris,Venusaur,bulbasaur,3,pokemon,Basic,
2000-super-trainer-showdown-new-jersey,15+,7,Joshua Morris,Venusaur,chansey,3,pokemon,Basic,
2000-super-trainer-showdown-new-jersey,15+,7,Joshua Morris,Venusaur,computer search,3,trainer,-,
2000-super-trainer-showdown-new-jersey,15+,7,Joshua Morris,Venusaur,ditto,3,pokemon,Basic,
2000-super-trainer-showdown-new-jersey,15+,7,Joshua Morris,Venusaur,double colorless energy,3,energy,-,
2000-super-trainer-showdown-new-jersey,15+,7,Joshua Morris,Venusaur,erika's dratini,2,pokemon,Basic,
2000-super-trainer-showdown-new-jersey,15+,7,Joshua Morris,Venusaur,grass energy,19,energy,Basic,
2000-super-trainer-showdown-new-jersey,15+,7,Joshua Morris,Venusaur,ivysaur,3,pokemon,Stage 1,
2000-super-trainer-showdown-new-jersey,15+,7,Joshua Morris,Venusaur,kangaskhan,3,pokemon,Basic,
2000-super-trainer-showdown-new-jersey,15+,7,Joshua Morris,Venusaur,no removal gym,1,trainer,-,
2000-super-trainer-showdown-new-jersey,15+,7,Joshua Morris,Venusaur,pokemon breeder,2,trainer,-,
2000-super-trainer-showdown-new-jersey,15+,7,Joshua Morris,Venusaur,pokemon center,3,trainer,-,
2000-super-trainer-showdown-new-jersey,15+,7,Joshua Morris,Venusaur,professor oak,3,trainer,-,
2000-super-trainer-showdown-new-jersey,15+,7,Joshua Morris,Venusaur,scoop up,3,trainer,-,
2000-super-trainer-showdown-new-jersey,15+,7,Joshua Morris,Venusaur,scyther,3,pokemon,Basic,
2000-super-trainer-showdown-new-jersey,15+,7,Joshua Morris,Venusaur,venusaur,3,pokemon,Stage 2,
2000-super-trainer-showdown-new-jersey,15+,8,Matt Brooks,Wigglytuff,chansey,3,pokemon,Basic,
2000-super-trainer-showdown-new-jersey,15+,8,Matt Brooks,Wigglytuff,computer search,2,trainer,-,
2000-super-trainer-showdown-new-jersey,15+,8,Matt Brooks,Wigglytuff,ditto,3,pokemon,Basic,
2000-super-trainer-showdown-new-jersey,15+,8,Matt Brooks,Wigglytuff,double colorless energy,3,energy,-,
2000-super-trainer-showdown-new-jersey,15+,8,Matt Brooks,Wigglytuff,electabuzz,3,pokemon,Basic,
2000-super-trainer-showdown-new-jersey,15+,8,Matt Brooks,Wigglytuff,fire energy,9,energy,Basic,
2000-super-trainer-showdown-new-jersey,15+,8,Matt Brooks,Wigglytuff,full heal energy,3,energy,-,
2000-super-trainer-showdown-new-jersey,15+,8,Matt Brooks,Wigglytuff,gust of wind,2,trainer,-,
2000-super-trainer-showdown-new-jersey,15+,8,Matt Brooks,Wigglytuff,item finder,3,trainer,-,
2000-super-trainer-showdown-new-jersey,15+,8,Matt Brooks,Wigglytuff,jigglypuff,3,pokemon,Basic,
2000-super-trainer-showdown-new-jersey,15+,8,Matt Brooks,Wigglytuff,lightning energy,7,energy,Basic,
2000-super-trainer-showdown-new-jersey,15+,8,Matt Brooks,Wigglytuff,magmar,3,pokemon,Basic,Fossil
2000-super-trainer-showdown-new-jersey,15+,8,Matt Brooks,Wigglytuff,nightly garbage run,1,trainer,-,
2000-super-trainer-showdown-new-jersey,15+,8,Matt Brooks,Wigglytuff,potion energy,2,energy,-,
2000-super-trainer-showdown-new-jersey,15+,8,Matt Brooks,Wigglytuff,professor oak,3,trainer,-,
2000-super-trainer-showdown-new-jersey,15+,8,Matt Brooks,Wigglytuff,rocket's sneak attack,2,trainer,-,
2000-super-trainer-showdown-new-jersey,15+,8,Matt Brooks,Wigglytuff,scoop up,2,trainer,-,
2000-super-trainer-showdown-new-jersey,15+,8,Matt Brooks,Wigglytuff,scyther,3,pokemon,Basic,
2000-super-trainer-showdown-new-jersey,15+,8,Matt Brooks,Wigglytuff,wigglytuff,3,pokemon,Stage 1,
2000-super-trainer-showdown-new-jersey,11-14,1,Rudy Rodriguez,Wigglytuff,chansey,2,pokemon,Basic,
2000-super-trainer-showdown-new-jersey,11-14,1,Rudy Rodriguez,Wigglytuff,chaos gym,3,trainer,-,
2000-super-trainer-showdown-new-jersey,11-14,1,Rudy Rodriguez,Wigglytuff,computer search,3,trainer,-,
2000-super-trainer-showdown-new-jersey,11-14,1,Rudy Rodriguez,Wigglytuff,double colorless energy,3,energy,-,
2000-super-trainer-showdown-new-jersey,11-14,1,Rudy Rodriguez,Wigglytuff,electabuzz,3,pokemon,Basic,
2000-super-trainer-showdown-new-jersey,11-14,1,Rudy Rodriguez,Wigglytuff,full heal energy,3,energy,-,
2000-super-trainer-showdown-new-jersey,11-14,1,Rudy Rodriguez,Wigglytuff,jigglypuff,3,pokemon,Basic,
2000-super-trainer-showdown-new-jersey,11-14,1,Rudy Rodriguez,Wigglytuff,lightning energy,19,energy,Basic,
2000-super-trainer-showdown-new-jersey,11-14,1,Rudy Rodriguez,Wigglytuff,misty's wrath,3,trainer,-,
2000-super-trainer-showdown-new-jersey,11-14,1,Rudy Rodriguez,Wigglytuff,potion energy,3,energy,-,
2000-super-trainer-showdown-new-jersey,11-14,1,Rudy Rodriguez,Wigglytuff,professor oak,3,trainer,-,
2000-super-trainer-showdown-new-jersey,11-14,1,Rudy Rodriguez,Wigglytuff,rocket's zapdos,3,pokemon,Basic,
2000-super-trainer-showdown-new-jersey,11-14,1,Rudy Rodriguez,Wigglytuff,scyther,3,pokemon,Basic,
2000-super-trainer-showdown-new-jersey,11-14,1,Rudy Rodriguez,Wigglytuff,secret mission,3,trainer,-,
2000-super-trainer-showdown-new-jersey,11-14,1,Rudy Rodriguez,Wigglytuff,wigglytuff,3,pokemon,Stage 1,
2000-super-trainer-showdown-new-jersey,11-14,2,James O’Brien,Wigglytuff,bill,3,trainer,-,
2000-super-trainer-showdown-new-jersey,11-14,2,James O’Brien,Wigglytuff,chansey,2,pokemon,Basic,
2000-super-trainer-showdown-new-jersey,11-14,2,James O’Brien,Wigglytuff,chaos gym,3,trainer,-,
2000-super-trainer-showdown-new-jersey,11-14,2,James O’Brien,Wigglytuff,computer search,3,trainer,-,
2000-super-trainer-showdown-new-jersey,11-14,2,James O’Brien,Wigglytuff,double colorless energy,3,energy,-,
2000-super-trainer-showdown-new-jersey,11-14,2,James O’Brien,Wigglytuff,electabuzz,3,pokemon,Basic,
2000-super-trainer-showdown-new-jersey,11-14,2,James O’Brien,Wigglytuff,erika's dratini,1,pokemon,Basic,
2000-super-trainer-showdown-new-jersey,11-14,2,James O’Brien,Wigglytuff,fighting energy,7,energy,Basic,
2000-super-trainer-showdown-new-jersey,11-14,2,James O’Brien,Wigglytuff,full heal energy,3,energy,-,
2000-super-trainer-showdown-new-jersey,11-14,2,James O’Brien,Wigglytuff,hitmonchan,3,pokemon,Basic,
2000-super-trainer-showdown-new-jersey,11-14,2,James O’Brien,Wigglytuff,jigglypuff,3,pokemon,Basic,
2000-super-trainer-showdown-new-jersey,11-14,2,James O’Brien,Wigglytuff,lightning energy,9,energy,Basic,
2000-super-trainer-showdown-new-jersey,11-14,2,James O’Brien,Wigglytuff,potion energy,3,energy,-,
2000-super-trainer-showdown-new-jersey,11-14,2,James O’Brien,Wigglytuff,professor oak,3,trainer,-,
2000-super-trainer-showdown-new-jersey,11-14,2,James O’Brien,Wigglytuff,rocket's sneak attack,3,trainer,-,
2000-super-trainer-showdown-new-jersey,11-14,2,James O’Brien,Wigglytuff,rocket's zapdos,3,pokemon,Basic,
2000-super-trainer-showdown-new-jersey,11-14,2,James O’Brien,Wigglytuff,scyther,2,pokemon,Basic,
2000-super-trainer-showdown-new-jersey,11-14,2,James O’Brien,Wigglytuff,wigglytuff,3,pokemon,Stage 1,
2000-super-trainer-showdown-new-jersey,11-14,3,Carson White,Brock’s Sandslash / Clefable / Hitmonchan,brock's sandshrew,3,pokemon,Basic,
2000-super-trainer-showdown-new-jersey,11-14,3,Carson White,Brock’s Sandslash / Clefable / Hitmonchan,brock's sandslash,2,pokemon,Stage 1,
2000-super-trainer-showdown-new-jersey,11-14,3,Carson White,Brock’s Sandslash / Clefable / Hitmonchan,chansey,2,pokemon,Basic,
2000-super-trainer-showdown-new-jersey,11-14,3,Carson White,Brock’s Sandslash / Clefable / Hitmonchan,clefable,2,pokemon,Stage 1,
2000-super-trainer-showdown-new-jersey,11-14,3,Carson White,Brock’s Sandslash / Clefable / Hitmonchan,clefairy,2,pokemon,Basic,
2000-super-trainer-showdown-new-jersey,11-14,3,Carson White,Brock’s Sandslash / Clefable / Hitmonchan,computer search,3,trainer,-,
2000-super-trainer-showdown-new-jersey,11-14,3,Carson White,Brock’s Sandslash / Clefable / Hitmonchan,ditto,1,pokemon,Basic,
2000-super-trainer-showdown-new-jersey,11-14,3,Carson White,Brock’s Sandslash / Clefable / Hitmonchan,double colorless energy,3,energy,-,
2000-super-trainer-showdown-new-jersey,11-14,3,Carson White,Brock’s Sandslash / Clefable / Hitmonchan,energy removal,3,trainer,-,
2000-super-trainer-showdown-new-jersey,11-14,3,Carson White,Brock’s Sandslash / Clefable / Hitmonchan,fighting energy,11,energy,Basic,
2000-super-trainer-showdown-new-jersey,11-14,3,Carson White,Brock’s Sandslash / Clefable / Hitmonchan,fire energy,9,energy,Basic,
2000-super-trainer-showdown-new-jersey,11-14,3,Carson White,Brock’s Sandslash / Clefable / Hitmonchan,gust of wind,2,trainer,-,
2000-super-trainer-showdown-new-jersey,11-14,3,Carson White,Brock’s Sandslash / Clefable / Hitmonchan,hitmonchan,2,pokemon,Basic,
2000-super-trainer-showdown-new-jersey,11-14,3,Carson White,Brock’s Sandslash / Clefable / Hitmonchan,magmar,3,pokemon,Basic,Fossil
2000-super-trainer-showdown-new-jersey,11-14,3,Carson White,Brock’s Sandslash / Clefable / Hitmonchan,pewter city gym,2,trainer,-,
2000-super-trainer-showdown-new-jersey,11-14,3,Carson White,Brock’s Sandslash / Clefable / Hitmonchan,professor oak,3,trainer,-,
2000-super-trainer-showdown-new-jersey,11-14,3,Carson White,Brock’s Sandslash / Clefable / Hitmonchan,rocket's hitmonchan,2,pokemon,Basic,
2000-super-trainer-showdown-new-jersey,11-14,3,Carson White,Brock’s Sandslash / Clefable / Hitmonchan,rocket's moltres,1,pokemon,Basic,
2000-super-trainer-showdown-new-jersey,11-14,3,Carson White,Brock’s Sandslash / Clefable / Hitmonchan,scyther,2,pokemon,Basic,
2000-super-trainer-showdown-new-jersey,11-14,3,Carson White,Brock’s Sandslash / Clefable / Hitmonchan,super energy removal,2,trainer,-,
2000-super-trainer-showdown-new-jersey,11-14,4,Jason Imperiale,Dodrio / Haymaker,computer search,3,trainer,-,
2000-super-trainer-showdown-new-jersey,11-14,4,Jason Imperiale,Dodrio / Haymaker,ditto,3,pokemon,Basic,
2000-super-trainer-showdown-new-jersey,11-14,4,Jason Imperiale,Dodrio / Haymaker,dodrio,3,pokemon,Stage 1,
2000-super-trainer-showdown-new-jersey,11-14,4,Jason Imperiale,Dodrio / Haymaker,doduo,3,pokemon,Basic,
2000-super-trainer-showdown-new-jersey,11-14,4,Jason Imperiale,Dodrio / Haymaker,double colorless energy,3,energy,-,
2000-super-trainer-showdown-new-jersey,11-14,4,Jason Imperiale,Dodrio / Haymaker,electabuzz,3,pokemon,Basic,
2000-super-trainer-showdown-new-jersey,11-14,4,Jason Imperiale,Dodrio / Haymaker,fighting energy,9,energy,Basic,
2000-super-trainer-showdown-new-jersey,11-14,4,Jason Imperiale,Dodrio / Haymaker,full heal energy,3,energy,-,
2000-super-trainer-showdown-new-jersey,11-14,4,Jason Imperiale,Dodrio / Haymaker,gust of wind,2,trainer,-,
2000-super-trainer-showdown-new-jersey,11-14,4,Jason Imperiale,Dodrio / Haymaker,hitmonchan,3,pokemon,Basic,
2000-super-trainer-showdown-new-jersey,11-14,4,Jason Imperiale,Dodrio / Haymaker,item finder,1,trainer,-,
2000-super-trainer-showdown-new-jersey,11-14,4,Jason Imperiale,Dodrio / Haymaker,lightning energy,10,energy,Basic,
2000-super-trainer-showdown-new-jersey,11-14,4,Jason Imperiale,Dodrio / Haymaker,machop,2,pokemon,Basic,BS2
2000-super-trainer-showdown-new-jersey,11-14,4,Jason Imperiale,Dodrio / Haymaker,misty's wrath,2,trainer,-,
2000-super-trainer-showdown-new-jersey,11-14,4,Jason Imperiale,Dodrio / Haymaker,nightly garbage run,1,trainer,-,
2000-super-trainer-showdown-new-jersey,11-14,4,Jason Imperiale,Dodrio / Haymaker,professor oak,3,trainer,-,
2000-super-trainer-showdown-new-jersey,11-14,4,Jason Imperiale,Dodrio / Haymaker,rocket's zapdos,2,pokemon,Basic,
2000-super-trainer-showdown-new-jersey,11-14,4,Jason Imperiale,Dodrio / Haymaker,scyther,1,pokemon,Basic,
2000-super-trainer-showdown-new-jersey,11-14,4,Jason Imperiale,Dodrio / Haymaker,super energy removal,3,trainer,-,
2000-super-trainer-showdown-new-jersey,11-14,5,Kevin Chen,Wigglytuff,brock's rhyhorn,1,pokemon,Basic,
2000-super-trainer-showdown-new-jersey,11-14,5,Kevin Chen,Wigglytuff,chansey,2,pokemon,Basic,
2000-super-trainer-showdown-new-jersey,11-14,5,Kevin Chen,Wigglytuff,computer search,3,trainer,-,
2000-super-trainer-showdown-new-jersey,11-14,5,Kevin Chen,Wigglytuff,double colorless energy,3,energy,-,
2000-super-trainer-showdown-new-jersey,11-14,5,Kevin Chen,Wigglytuff,electabuzz,2,pokemon,Basic,
2000-super-trainer-showdown-new-jersey,11-14,5,Kevin Chen,Wigglytuff,fire energy,10,energy,Basic,
2000-super-trainer-showdown-new-jersey,11-14,5,Kevin Chen,Wigglytuff,full heal energy,2,energy,-,
2000-super-trainer-showdown-new-jersey,11-14,5,Kevin Chen,Wigglytuff,gust of wind,1,trainer,-,
2000-super-trainer-showdown-new-jersey,11-14,5,Kevin Chen,Wigglytuff,item finder,2,trainer,-,
2000-super-trainer-showdown-new-jersey,11-14,5,Kevin Chen,Wigglytuff,jigglypuff,3,pokemon,Basic,
2000-super-trainer-showdown-new-jersey,11-14,5,Kevin Chen,Wigglytuff,lightning energy,11,energy,Basic,
2000-super-trainer-showdown-new-jersey,11-14,5,Kevin Chen,Wigglytuff,magmar,3,pokemon,Basic,Fossil
2000-super-trainer-showdown-new-jersey,11-14,5,Kevin Chen,Wigglytuff,nightly garbage run,1,trainer,-,
2000-super-trainer-showdown-new-jersey,11-14,5,Kevin Chen,Wigglytuff,no removal gym,1,trainer,-,
2000-super-trainer-showdown-new-jersey,11-14,5,Kevin Chen,Wigglytuff,pluspower,3,trainer,-,
2000-super-trainer-showdown-new-jersey,11-14,5,Kevin Chen,Wigglytuff,professor oak,3,trainer,-,
2000-super-trainer-showdown-new-jersey,11-14,5,Kevin Chen,Wigglytuff,rocket's zapdos,2,pokemon,Basic,
2000-super-trainer-showdown-new-jersey,11-14,5,Kevin Chen,Wigglytuff,scoop up,1,trainer,-,
2000-super-trainer-showdown-new-jersey,11-14,5,Kevin Chen,Wigglytuff,scyther,3,pokemon,Basic,
2000-super-trainer-showdown-new-jersey,11-14,5,Kevin Chen,Wigglytuff,wigglytuff,3,pokemon,Stage 1,
2000-super-trainer-showdown-new-jersey,11-14,6,Yi-An Lu,Rain Dance / Wigglytuff,articuno,3,pokemon,Basic,
2000-super-trainer-showdown-new-jersey,11-14,6,Yi-An Lu,Rain Dance / Wigglytuff,blastoise,3,pokemon,Stage 2,
2000-super-trainer-showdown-new-jersey,11-14,6,Yi-An Lu,Rain Dance / Wigglytuff,chansey,1,pokemon,Basic,
2000-super-trainer-showdown-new-jersey,11-14,6,Yi-An Lu,Rain Dance / Wigglytuff,computer search,2,trainer,-,
2000-super-trainer-showdown-new-jersey,11-14,6,Yi-An Lu,Rain Dance / Wigglytuff,ditto,2,pokemon,Basic,
2000-super-trainer-showdown-new-jersey,11-14,6,Yi-An Lu,Rain Dance / Wigglytuff,double colorless energy,3,energy,-,
2000-super-trainer-showdown-new-jersey,11-14,6,Yi-An Lu,Rain Dance / Wigglytuff,full heal energy,1,energy,-,
2000-super-trainer-showdown-new-jersey,11-14,6,Yi-An Lu,Rain Dance / Wigglytuff,gust of wind,2,trainer,-,
2000-super-trainer-showdown-new-jersey,11-14,6,Yi-An Lu,Rain Dance / Wigglytuff,item finder,2,trainer,-,
2000-super-trainer-showdown-new-jersey,11-14,6,Yi-An Lu,Rain Dance / Wigglytuff,jigglypuff,3,pokemon,Basic,
2000-super-trainer-showdown-new-jersey,11-14,6,Yi-An Lu,Rain Dance / Wigglytuff,lapras,1,pokemon,Basic,
2000-super-trainer-showdown-new-jersey,11-14,6,Yi-An Lu,Rain Dance / Wigglytuff,pluspower,3,trainer,-,
2000-super-trainer-showdown-new-jersey,11-14,6,Yi-An Lu,Rain Dance / Wigglytuff,pokemon breeder,2,trainer,-,
2000-super-trainer-showdown-new-jersey,11-14,6,Yi-An Lu,Rain Dance / Wigglytuff,professor oak,3,trainer,-,
2000-super-trainer-showdown-new-jersey,11-14,6,Yi-An Lu,Rain Dance / Wigglytuff,rocket's sneak attack,1,trainer,-,
2000-super-trainer-showdown-new-jersey,11-14,6,Yi-An Lu,Rain Dance / Wigglytuff,squirtle,3,pokemon,Basic,Team Rocket
2000-super-trainer-showdown-new-jersey,11-14,6,Yi-An Lu,Rain Dance / Wigglytuff,wartortle,1,pokemon,Stage 1,
2000-super-trainer-showdown-new-jersey,11-14,6,Yi-An Lu,Rain Dance / Wigglytuff,water energy,21,energy,Basic,
2000-super-trainer-showdown-new-jersey,11-14,6,Yi-An Lu,Rain Dance / Wigglytuff,wigglytuff,3,pokemon,Stage 1,
2000-super-trainer-showdown-new-jersey,11-14,7,Andrew Daly,Arcanine / Haymaker,arcanine,3,pokemon,Stage 1,
2000-super-trainer-showdown-new-jersey,11-14,7,Andrew Daly,Arcanine / Haymaker,computer search,3,trainer,-,
2000-super-trainer-showdown-new-jersey,11-14,7,Andrew Daly,Arcanine / Haymaker,defender,2,trainer,-,
2000-super-trainer-showdown-new-jersey,11-14,7,Andrew Daly,Arcanine / Haymaker,double colorless energy,3,energy,-,
2000-super-trainer-showdown-new-jersey,11-14,7,Andrew Daly,Arcanine / Haymaker,electabuzz,3,pokemon,Basic,
2000-super-trainer-showdown-new-jersey,11-14,7,Andrew Daly,Arcanine / Haymaker,fire energy,14,energy,Basic,
2000-super-trainer-showdown-new-jersey,11-14,7,Andrew Daly,Arcanine / Haymaker,growlithe,3,pokemon,Basic,
2000-super-trainer-showdown-new-jersey,11-14,7,Andrew Daly,Arcanine / Haymaker,gust of wind,3,trainer,-,
2000-super-trainer-showdown-new-jersey,11-14,7,Andrew Daly,Arcanine / Haymaker,lightning energy,10,energy,Basic,
2000-super-trainer-showdown-new-jersey,11-14,7,Andrew Daly,Arcanine / Haymaker,machop,2,pokemon,Basic,Team Rocket
2000-super-trainer-showdown-new-jersey,11-14,7,Andrew Daly,Arcanine / Haymaker,magmar,3,pokemon,Basic,Fossil
2000-super-trainer-showdown-new-jersey,11-14,7,Andrew Daly,Arcanine / Haymaker,narrow gym,2,trainer,-,
2000-super-trainer-showdown-new-jersey,11-14,7,Andrew Daly,Arcanine / Haymaker,nightly garbage run,2,trainer,-,
2000-super-trainer-showdown-new-jersey,11-14,7,Andrew Daly,Arcanine / Haymaker,professor oak,3,trainer,-,
2000-super-trainer-showdown-new-jersey,11-14,7,Andrew Daly,Arcanine / Haymaker,rocket's zapdos,2,pokemon,Basic,
2000-super-trainer-showdown-new-jersey,11-14,7,Andrew Daly,Arcanine / Haymaker,scyther,2,pokemon,Basic,
2000-super-trainer-showdown-new-jersey,11-14,8,Alex Elkins,Dodrio / Wigglytuff,computer search,3,trainer,-,
2000-super-trainer-showdown-new-jersey,11-14,8,Alex Elkins,Dodrio / Wigglytuff,dodrio,2,pokemon,Stage 1,
2000-super-trainer-showdown-new-jersey,11-14,8,Alex Elkins,Dodrio / Wigglytuff,doduo,2,pokemon,Basic,
2000-super-trainer-showdown-new-jersey,11-14,8,Alex Elkins,Dodrio / Wigglytuff,double colorless energy,3,energy,-,
2000-super-trainer-showdown-new-jersey,11-14,8,Alex Elkins,Dodrio / Wigglytuff,electabuzz,3,pokemon,Basic,
2000-super-trainer-showdown-new-jersey,11-14,8,Alex Elkins,Dodrio / Wigglytuff,full heal energy,3,energy,-,
2000-super-trainer-showdown-new-jersey,11-14,8,Alex Elkins,Dodrio / Wigglytuff,grass energy,13,energy,Basic,
2000-super-trainer-showdown-new-jersey,11-14,8,Alex Elkins,Dodrio / Wigglytuff,gust of wind,2,trainer,-,
2000-super-trainer-showdown-new-jersey,11-14,8,Alex Elkins,Dodrio / Wigglytuff,item finder,3,trainer,-,
2000-super-trainer-showdown-new-jersey,11-14,8,Alex Elkins,Dodrio / Wigglytuff,jigglypuff,3,pokemon,Basic,
2000-super-trainer-showdown-new-jersey,11-14,8,Alex Elkins,Dodrio / Wigglytuff,lightning energy,9,energy,Basic,
2000-super-trainer-showdown-new-jersey,11-14,8,Alex Elkins,Dodrio / Wigglytuff,nightly garbage run,1,trainer,-,
2000-super-trainer-showdown-new-jersey,11-14,8,Alex Elkins,Dodrio / Wigglytuff,pluspower,3,trainer,-,
2000-super-trainer-showdown-new-jersey,11-14,8,Alex Elkins,Dodrio / Wigglytuff,professor oak,3,trainer,-,
2000-super-trainer-showdown-new-jersey,11-14,8,Alex Elkins,Dodrio / Wigglytuff,rocket's scyther,2,pokemon,Basic,
2000-super-trainer-showdown-new-jersey,11-14,8,Alex Elkins,Dodrio / Wigglytuff,scyther,2,pokemon,Basic,
2000-super-trainer-showdown-new-jersey,11-14,8,Alex Elkins,Dodrio / Wigglytuff,wigglytuff,3,pokemon,Stage 1,
2000-super-trainer-showdown-new-jersey,10 and under,1,Jonathan Brooks,Rain Dance,articuno,3,pokemon,Basic,
2000-super-trainer-showdown-new-jersey,10 and under,1,Jonathan Brooks,Rain Dance,blastoise,3,pokemon,Stage 2,
2000-super-trainer-showdown-new-jersey,10 and under,1,Jonathan Brooks,Rain Dance,computer search,3,trainer,-,
2000-super-trainer-showdown-new-jersey,10 and under,1,Jonathan Brooks,Rain Dance,full heal energy,2,energy,-,
2000-super-trainer-showdown-new-jersey,10 and under,1,Jonathan Brooks,Rain Dance,lapras,3,pokemon,Basic,
2000-super-trainer-showdown-new-jersey,10 and under,1,Jonathan Brooks,Rain Dance,lickitung,3,pokemon,Basic,
2000-super-trainer-showdown-new-jersey,10 and under,1,Jonathan Brooks,Rain Dance,misty's wrath,3,trainer,-,
2000-super-trainer-showdown-new-jersey,10 and under,1,Jonathan Brooks,Rain Dance,nightly garbage run,3,trainer,-,
2000-super-trainer-showdown-new-jersey,10 and under,1,Jonathan Brooks,Rain Dance,pokemon breeder,3,trainer,-,
2000-super-trainer-showdown-new-jersey,10 and under,1,Jonathan Brooks,Rain Dance,professor oak,3,trainer,-,
2000-super-trainer-showdown-new-jersey,10 and under,1,Jonathan Brooks,Rain Dance,squirtle,3,pokemon,Basic,
2000-super-trainer-showdown-new-jersey,10 and under,1,Jonathan Brooks,Rain Dance,water energy,28,energy,Basic,
2000-super-trainer-showdown-new-jersey,10 and under,2,Jerome Schosse,Haymaker,bill,2,trainer,-,
2000-super-trainer-showdown-new-jersey,10 and under,2,Jerome Schosse,Haymaker,chansey,1,pokemon,Basic,
2000-super-trainer-showdown-new-jersey,10 and under,2,Jerome Schosse,Haymaker,computer search,2,trainer,-,
2000-super-trainer-showdown-new-jersey,10 and under,2,Jerome Schosse,Haymaker,ditto,3,pokemon,Basic,
2000-super-trainer-showdown-new-jersey,10 and under,2,Jerome Schosse,Haymaker,double colorless energy,3,energy,-,
2000-super-trainer-showdown-new-jersey,10 and under,2,Jerome Schosse,Haymaker,energy removal,3,trainer,-,
2000-super-trainer-showdown-new-jersey,10 and under,2,Jerome Schosse,Haymaker,fighting energy,13,energy,Basic,
2000-super-trainer-showdown-new-jersey,10 and under,2,Jerome Schosse,Haymaker,fire energy,13,energy,Basic,
2000-super-trainer-showdown-new-jersey,10 and under,2,Jerome Schosse,Haymaker,hitmonchan,3,pokemon,Basic,
2000-super-trainer-showdown-new-jersey,10 and under,2,Jerome Schosse,Haymaker,kangaskhan,3,pokemon,Basic,
2000-super-trainer-showdown-new-jersey,10 and under,2,Jerome Schosse,Haymaker,magmar,3,pokemon,Basic,FO
2000-super-trainer-showdown-new-jersey,10 and under,2,Jerome Schosse,Haymaker,pluspower,3,trainer,-,
2000-super-trainer-showdown-new-jersey,10 and under,2,Jerome Schosse,Haymaker,professor oak,2,trainer,-,
2000-super-trainer-showdown-new-jersey,10 and under,2,Jerome Schosse,Haymaker,scyther,3,pokemon,Basic,
2000-super-trainer-showdown-new-jersey,10 and under,2,Jerome Schosse,Haymaker,super energy removal,3,trainer,-,
2000-super-trainer-showdown-new-jersey,10 and under,3,David Santos,Rain Dance,articuno,3,pokemon,Basic,
2000-super-trainer-showdown-new-jersey,10 and under,3,David Santos,Rain Dance,bill,3,trainer,-,
2000-super-trainer-showdown-new-jersey,10 and under,3,David Santos,Rain Dance,blastoise,2,pokemon,Stage 2,
2000-super-trainer-showdown-new-jersey,10 and under,3,David Santos,Rain Dance,chansey,1,pokemon,Basic,
2000-super-trainer-showdown-new-jersey,10 and under,3,David Santos,Rain Dance,computer search,3,trainer,-,
2000-super-trainer-showdown-new-jersey,10 and under,3,David Santos,Rain Dance,dark blastoise,1,pokemon,Stage 2,
2000-super-trainer-showdown-new-jersey,10 and under,3,David Santos,Rain Dance,erika,3,trainer,-,
2000-super-trainer-showdown-new-jersey,10 and under,3,David Santos,Rain Dance,erika's dratini,2,pokemon,Basic,
2000-super-trainer-showdown-new-jersey,10 and under,3,David Santos,Rain Dance,lapras,3,pokemon,Basic,
2000-super-trainer-showdown-new-jersey,10 and under,3,David Santos,Rain Dance,pokemon breeder,3,trainer,-,
2000-super-trainer-showdown-new-jersey,10 and under,3,David Santos,Rain Dance,professor oak,3,trainer,-,
2000-super-trainer-showdown-new-jersey,10 and under,3,David Santos,Rain Dance,squirtle,3,pokemon,Basic,
2000-super-trainer-showdown-new-jersey,10 and under,3,David Santos,Rain Dance,water energy,30,energy,Basic,
2000-super-trainer-showdown-new-jersey,10 and under,4,Christopher Bailey,Clefable / Wigglytuff,bill,2,trainer,-,
2000-super-trainer-showdown-new-jersey,10 and under,4,Christopher Bailey,Clefable / Wigglytuff,clefable,2,pokemon,Stage 1,
2000-super-trainer-showdown-new-jersey,10 and under,4,Christopher Bailey,Clefable / Wigglytuff,clefairy,2,pokemon,Basic,
2000-super-trainer-showdown-new-jersey,10 and under,4,Christopher Bailey,Clefable / Wigglytuff,computer search,2,trainer,-,
2000-super-trainer-showdown-new-jersey,10 and under,4,Christopher Bailey,Clefable / Wigglytuff,ditto,1,pokemon,Basic,
2000-super-trainer-showdown-new-jersey,10 and under,4,Christopher Bailey,Clefable / Wigglytuff,double colorless energy,3,energy,-,
2000-super-trainer-showdown-new-jersey,10 and under,4,Christopher Bailey,Clefable / Wigglytuff,fire energy,10,energy,Basic,
2000-super-trainer-showdown-new-jersey,10 and under,4,Christopher Bailey,Clefable / Wigglytuff,full heal energy,3,energy,-,
2000-super-trainer-showdown-new-jersey,10 and under,4,Christopher Bailey,Clefable / Wigglytuff,gust of wind,1,trainer,-,
2000-super-trainer-showdown-new-jersey,10 and under,4,Christopher Bailey,Clefable / Wigglytuff,jigglypuff,3,pokemon,Basic,
2000-super-trainer-showdown-new-jersey,10 and under,4,Christopher Bailey,Clefable / Wigglytuff,magmar,3,pokemon,Basic,
2000-super-trainer-showdown-new-jersey,10 and under,4,Christopher Bailey,Clefable / Wigglytuff,mewtwo,3,pokemon,Basic,
2000-super-trainer-showdown-new-jersey,10 and under,4,Christopher Bailey,Clefable / Wigglytuff,nightly garbage run,2,trainer,-,
2000-super-trainer-showdown-new-jersey,10 and under,4,Christopher Bailey,Clefable / Wigglytuff,pluspower,2,trainer,-,
2000-super-trainer-showdown-new-jersey,10 and under,4,Christopher Bailey,Clefable / Wigglytuff,professor oak,3,trainer,-,
2000-super-trainer-showdown-new-jersey,10 and under,4,Christopher Bailey,Clefable / Wigglytuff,psychic energy,10,energy,Basic,
2000-super-trainer-showdown-new-jersey,10 and under,4,Christopher Bailey,Clefable / Wigglytuff,scoop up,2,trainer,-,
2000-super-trainer-showdown-new-jersey,10 and under,4,Christopher Bailey,Clefable / Wigglytuff,scyther,3,pokemon,Basic,
2000-super-trainer-showdown-new-jersey,10 and under,4,Christopher Bailey,Clefable / Wigglytuff,wigglytuff,3,pokemon,Stage 1,
2000-super-trainer-showdown-new-jersey,10 and under,5,Elliot Freidmann,Wigglytuff,chansey,3,pokemon,Basic,
2000-super-trainer-showdown-new-jersey,10 and under,5,Elliot Freidmann,Wigglytuff,computer search,2,trainer,-,
2000-super-trainer-showdown-new-jersey,10 and under,5,Elliot Freidmann,Wigglytuff,double colorless energy,3,energy,-,
2000-super-trainer-showdown-new-jersey,10 and under,5,Elliot Freidmann,Wigglytuff,electabuzz,3,pokemon,Basic,
2000-super-trainer-showdown-new-jersey,10 and under,5,Elliot Freidmann,Wigglytuff,full heal energy,2,energy,-,
2000-super-trainer-showdown-new-jersey,10 and under,5,Elliot Freidmann,Wigglytuff,gust of wind,1,trainer,-,
2000-super-trainer-showdown-new-jersey,10 and under,5,Elliot Freidmann,Wigglytuff,item finder,3,trainer,-,
2000-super-trainer-showdown-new-jersey,10 and under,5,Elliot Freidmann,Wigglytuff,jigglypuff,3,pokemon,Basic,
2000-super-trainer-showdown-new-jersey,10 and under,5,Elliot Freidmann,Wigglytuff,lightning energy,20,energy,Basic,
2000-super-trainer-showdown-new-jersey,10 and under,5,Elliot Freidmann,Wigglytuff,nightly garbage run,1,trainer,-,
2000-super-trainer-showdown-new-jersey,10 and under,5,Elliot Freidmann,Wigglytuff,pluspower,3,trainer,-,
2000-super-trainer-showdown-new-jersey,10 and under,5,Elliot Freidmann,Wigglytuff,potion energy,2,energy,-,
2000-super-trainer-showdown-new-jersey,10 and under,5,Elliot Freidmann,Wigglytuff,professor oak,3,trainer,-,
2000-super-trainer-showdown-new-jersey,10 and under,5,Elliot Freidmann,Wigglytuff,rocket's zapdos,3,pokemon,Basic,
2000-super-trainer-showdown-new-jersey,10 and under,5,Elliot Freidmann,Wigglytuff,scoop up,2,trainer,-,
2000-super-trainer-showdown-new-jersey,10 and under,5,Elliot Freidmann,Wigglytuff,scyther,3,pokemon,Basic,
2000-super-trainer-showdown-new-jersey,10 and under,5,Elliot Freidmann,Wigglytuff,wigglytuff,3,pokemon,Stage 1,
2000-super-trainer-showdown-new-jersey,10 and under,6,Glen Sylvester,Wigglytuff,computer search,3,trainer,-,
2000-super-trainer-showdown-new-jersey,10 and under,6,Glen Sylvester,Wigglytuff,ditto,2,pokemon,Basic,
2000-super-trainer-showdown-new-jersey,10 and under,6,Glen Sylvester,Wigglytuff,double colorless energy,3,energy,-,
2000-super-trainer-showdown-new-jersey,10 and under,6,Glen Sylvester,Wigglytuff,electabuzz,3,pokemon,Basic,
2000-super-trainer-showdown-new-jersey,10 and under,6,Glen Sylvester,Wigglytuff,fighting energy,12,energy,Basic,
2000-super-trainer-showdown-new-jersey,10 and under,6,Glen Sylvester,Wigglytuff,gust of wind,2,trainer,-,
2000-super-trainer-showdown-new-jersey,10 and under,6,Glen Sylvester,Wigglytuff,hitmonchan,3,pokemon,Basic,
2000-super-trainer-showdown-new-jersey,10 and under,6,Glen Sylvester,Wigglytuff,item finder,2,trainer,-,
2000-super-trainer-showdown-new-jersey,10 and under,6,Glen Sylvester,Wigglytuff,jigglypuff,2,pokemon,Basic,
2000-super-trainer-showdown-new-jersey,10 and under,6,Glen Sylvester,Wigglytuff,lickitung,2,pokemon,Basic,
2000-super-trainer-showdown-new-jersey,10 and under,6,Glen Sylvester,Wigglytuff,lightning energy,13,energy,Basic,
2000-super-trainer-showdown-new-jersey,10 and under,6,Glen Sylvester,Wigglytuff,pluspower,3,trainer,-,
2000-super-trainer-showdown-new-jersey,10 and under,6,Glen Sylvester,Wigglytuff,professor oak,2,trainer,-,
2000-super-trainer-showdown-new-jersey,10 and under,6,Glen Sylvester,Wigglytuff,rocket's zapdos,1,pokemon,Basic,
2000-super-trainer-showdown-new-jersey,10 and under,6,Glen Sylvester,Wigglytuff,scyther,3,pokemon,Basic,
2000-super-trainer-showdown-new-jersey,10 and under,6,Glen Sylvester,Wigglytuff,the rocket's trap,2,trainer,-,
2000-super-trainer-showdown-new-jersey,10 and under,6,Glen Sylvester,Wigglytuff,wigglytuff,2,pokemon,Stage 1,
2000-super-trainer-showdown-new-jersey,10 and under,7,Malcolm Scotland,Wigglytuff / Dodrio,computer search,1,trainer,-,
2000-super-trainer-showdown-new-jersey,10 and under,7,Malcolm Scotland,Wigglytuff / Dodrio,dodrio,3,pokemon,Stage 1,
2000-super-trainer-showdown-new-jersey,10 and under,7,Malcolm Scotland,Wigglytuff / Dodrio,doduo,3,pokemon,Basic,
2000-super-trainer-showdown-new-jersey,10 and under,7,Malcolm Scotland,Wigglytuff / Dodrio,double colorless energy,3,energy,-,
2000-super-trainer-showdown-new-jersey,10 and under,7,Malcolm Scotland,Wigglytuff / Dodrio,electabuzz,2,pokemon,Basic,
2000-super-trainer-showdown-new-jersey,10 and under,7,Malcolm Scotland,Wigglytuff / Dodrio,full heal energy,3,energy,-,
2000-super-trainer-showdown-new-jersey,10 and under,7,Malcolm Scotland,Wigglytuff / Dodrio,gust of wind,3,trainer,-,
2000-super-trainer-showdown-new-jersey,10 and under,7,Malcolm Scotland,Wigglytuff / Dodrio,item finder,1,trainer,-,
2000-super-trainer-showdown-new-jersey,10 and under,7,Malcolm Scotland,Wigglytuff / Dodrio,jigglypuff,3,pokemon,Basic,
2000-super-trainer-showdown-new-jersey,10 and under,7,Malcolm Scotland,Wigglytuff / Dodrio,lightning energy,8,energy,Basic,
2000-super-trainer-showdown-new-jersey,10 and under,7,Malcolm Scotland,Wigglytuff / Dodrio,mewtwo (promo),2,pokemon,Basic,Movie Promo
2000-super-trainer-showdown-new-jersey,10 and under,7,Malcolm Scotland,Wigglytuff / Dodrio,mr. mime,2,pokemon,Basic,
2000-super-trainer-showdown-new-jersey,10 and under,7,Malcolm Scotland,Wigglytuff / Dodrio,pluspower,1,trainer,-,
2000-super-trainer-showdown-new-jersey,10 and under,7,Malcolm Scotland,Wigglytuff / Dodrio,pokemon trader,2,trainer,-,
2000-super-trainer-showdown-new-jersey,10 and under,7,Malcolm Scotland,Wigglytuff / Dodrio,professor oak,3,trainer,-,
2000-super-trainer-showdown-new-jersey,10 and under,7,Malcolm Scotland,Wigglytuff / Dodrio,psychic energy,9,energy,Basic,
2000-super-trainer-showdown-new-jersey,10 and under,7,Malcolm Scotland,Wigglytuff / Dodrio,rocket's zapdos,2,pokemon,Basic,
2000-super-trainer-showdown-new-jersey,10 and under,7,Malcolm Scotland,Wigglytuff / Dodrio,scoop up,2,trainer,-,
2000-super-trainer-showdown-new-jersey,10 and under,7,Malcolm Scotland,Wigglytuff / Dodrio,scyther,2,pokemon,Basic,
2000-super-trainer-showdown-new-jersey,10 and under,7,Malcolm Scotland,Wigglytuff / Dodrio,super energy removal,2,trainer,-,
2000-super-trainer-showdown-new-jersey,10 and under,7,Malcolm Scotland,Wigglytuff / Dodrio,wigglytuff,3,pokemon,Stage 1,
2000-super-trainer-showdown-new-jersey,10 and under,8,Gabriel Mends,Haymaker,computer search,3,trainer,-,
2000-super-trainer-showdown-new-jersey,10 and under,8,Gabriel Mends,Haymaker,ditto,2,pokemon,Basic,
2000-super-trainer-showdown-new-jersey,10 and under,8,Gabriel Mends,Haymaker,double colorless energy,3,energy,-,
2000-super-trainer-showdown-new-jersey,10 and under,8,Gabriel Mends,Haymaker,electabuzz,3,pokemon,Basic,
2000-super-trainer-showdown-new-jersey,10 and under,8,Gabriel Mends,Haymaker,erika's dratini,2,pokemon,Basic,
2000-super-trainer-showdown-new-jersey,10 and under,8,Gabriel Mends,Haymaker,fighting energy,11,energy,Basic,
2000-super-trainer-showdown-new-jersey,10 and under,8,Gabriel Mends,Haymaker,full heal energy,2,energy,-,
2000-super-trainer-showdown-new-jersey,10 and under,8,Gabriel Mends,Haymaker,goop gas attack,2,trainer,-,
2000-super-trainer-showdown-new-jersey,10 and under,8,Gabriel Mends,Haymaker,gust of wind,2,trainer,-,
2000-super-trainer-showdown-new-jersey,10 and under,8,Gabriel Mends,Haymaker,hitmonchan,3,pokemon,Basic,
2000-super-trainer-showdown-new-jersey,10 and under,8,Gabriel Mends,Haymaker,item finder,2,trainer,-,
2000-super-trainer-showdown-new-jersey,10 and under,8,Gabriel Mends,Haymaker,lightning energy,13,energy,Basic,
2000-super-trainer-showdown-new-jersey,10 and under,8,Gabriel Mends,Haymaker,no removal gym,1,trainer,-,
2000-super-trainer-showdown-new-jersey,10 and under,8,Gabriel Mends,Haymaker,professor oak,3,trainer,-,
2000-super-trainer-showdown-new-jersey,10 and under,8,Gabriel Mends,Haymaker,rocket's zapdos,3,pokemon,Basic,
2000-super-trainer-showdown-new-jersey,10 and under,8,Gabriel Mends,Haymaker,scoop up,2,trainer,-,
2000-super-trainer-showdown-new-jersey,10 and under,8,Gabriel Mends,Haymaker,scyther,3,pokemon,Basic,
